,real,prediction
7,73.4255432129,73.99804763
8,73.5944335937,74.1284211399
9,73.7277654012,74.4196254368
10,73.7310999552,74.5949202275
11,73.8249903361,74.7404311813
12,73.9944335938,74.8552410755
13,73.928318278,74.6768094863
14,73.975545756,74.7065288826
15,75.6144276937,74.700586366
16,78.4477620443,76.0067136773
17,80.3827560425,77.1356335709
